{"3": {"x": [1748.4489105641937, 339.272331223562], "y": [1398.641376141989, 187.20918461495253], "z": [1651.551541529109, 197.13396742320037]}, "4": {"x": [2507.447115579512, 557.2843536932023], "y": [1171.9071538371986, 308.4494167015287], "z": [1437.7728993632186, 364.6813317209527]}, "5": {"x": [1361.9199145075452, 528.1040755618792], "y": [708.0374177254453, 91.50355914540809], "z": [1593.8765426391094, 223.54720025147526]}, "6": {"x": [1576.7374839424738, 316.9903501345746], "y": [2187.2769884618574, 541.2273168316259], "z": [1643.5131405136121, 395.7532235430114]}, "7": {"x": [713.934358586676, 272.44352315537947], "y": [254.95150422768083, 88.42932279766275], "z": [1510.8668599825694, 359.45095796737735]}, "8": {"x": [621.5093195901608, 218.5889784378099], "y": [882.1983713425703, 413.2906162832084], "z": [662.8795839933284, 136.74030982201592]}, "9": {"x": [909.4588094412736, 129.95819261629987], "y": [1443.1381421644019, 298.64321420476745], "z": [1339.2364185498932, 211.34396892371194]}, "10": {"x": [1616.5141124879688, 252.7643024466296], "y": [1371.1654480024408, 197.3076096256239], "z": [1190.2650759961566, 188.87795554615406]}, "11": {"x": [2808.739359360029, 417.59924582630305], "y": [3299.107640912577, 1130.0176492470748], "z": [783.2495397753169, 350.1857986935726]}, "12": {"x": [1069.2219130873561, 396.38566978183985], "y": [2871.2337672354743, 481.7815718943565], "z": [2067.1440319418666, 237.84592484206763]}, "13": {"x": [820.4578436374425, 215.4490494480233], "y": [684.6784359665769, 180.3975254631111], "z": [1083.8342332538093, 106.99179176666047]}, "14": {"x": [226.27926738961165, 74.9597959077928], "y": [723.4816196318422, 218.97014213517738], "z": [1060.8305065477823, 269.0068098463667]}, "15": {"x": [2450.2782964114094, 1059.5421799787264], "y": [1320.0310709025325, 315.4889567289673], "z": [2041.495951778958, 742.983504690684]}, "16": {"x": [1766.9446615647616, 402.9416180865652], "y": [1101.5718966769036, 396.437185450983], "z": [1967.0370935836563, 448.2669417270654]}, "17": {"x": [2825.579794297137, 766.1038416233148], "y": [878.649306561985, 221.63566197684756], "z": [1784.5330323009475, 421.8204092542518]}, "18": {"x": [750.3288150104141, 174.1491451012457], "y": [744.6024277086678, 148.8041046920636], "z": [1029.9376923314096, 391.3587290185857]}, "19": {"x": [4066.0451192353803, 750.6791696392766], "y": [1240.1768856485555, 355.2101267035233], "z": [1070.6255154304292, 225.32439806612555]}, "20": {"x": [2722.536911299544, 716.4777443778582], "y": [2980.1460859716026, 1091.425419582814], "z": [1513.8232865317082, 554.9323054395073]}, "21": {"x": [1638.0196991814528, 400.9209336885605], "y": [939.9213776445564, 251.0127537238713], "z": [783.5611415454907, 166.53555373063944]}, "22": {"x": [1794.4830055238695, 342.0956689596378], "y": [870.4469247200708, 261.0688237935198], "z": [2812.2665657263015, 1108.717104328877]}, "23": {"x": [420.6433168928017, 90.39230416074847], "y": [879.4660627960257, 151.11317022629663], "z": [1055.2852501168563, 246.18369959749282]}, "24": {"x": [554.5697675449647, 146.5597861939808], "y": [606.5895444200225, 96.15613350416724], "z": [1285.2872510462428, 372.6520318312933]}}